,trackID,name,popularity,explicit,duration_ms,danceability,energy,key,loudness,mode,speechiness,acousticness,instrumentalness,liveness,valence,tempo,time_signature
0,3tjFYV6RSFtuktYl3ZtYcq,Mood (feat. iann dior),100,True,140525,0.7,0.722,7,-3.558,0,0.0369,0.221,0.0,0.272,0.756,90.989,4
1,4Oun2ylbjFKMPTiaSbbCih,WAP (feat. Megan Thee Stallion),98,True,187541,0.935,0.454,1,-7.509,1,0.375,0.0194,0.0,0.0824,0.357,133.073,4
2,0t1kP63rueHleOhQkYSXFY,Dynamite,97,False,199053,0.746,0.765,6,-4.41,0,0.0993,0.0112,0.0,0.0936,0.737,114.044,4
3,7hxHWCCAIIxFLCzvDgnQHX,"Lemonade (feat. Gunna, Don Toliver & NAV)",87,True,195428,0.8,0.658,1,-6.142,0,0.079,0.25,0.0,0.111,0.462,140.042,4
4,1yoMvmasuxZfqHEipJhRbp,Hawái,89,False,199112,0.783,0.727,6,-3.454,0,0.389,0.185,2.46e-05,0.0626,0.558,180.067,4
5,4Ws314Ylb27BVsvlZOy30C,Lovesick Girls,86,False,192760,0.658,0.733,6,-4.756,1,0.0586,0.00668,0.0,0.118,0.464,127.977,4
6,0PvFJmanyNQMseIFrU708S,For The Night (feat. Lil Baby & DaBaby),95,True,190476,0.823,0.586,6,-6.606,0,0.2,0.114,0.0,0.193,0.347,125.971,4
7,0VjIjW4GlUZAMYd2vXMi3b,Blinding Lights,96,False,200040,0.514,0.73,1,-5.934,1,0.0598,0.00146,9.54e-05,0.0897,0.334,171.005,4
8,5u1n1kITHCxxp8twBcZxWy,Holy (feat. Chance The Rapper),94,False,212093,0.673,0.704,6,-8.056,1,0.36,0.196,0.0,0.0898,0.372,86.919,4
9,6UelLqGlWMcVH1E5c4H7lY,Watermelon Sugar,95,False,174000,0.548,0.816,0,-4.209,1,0.0465,0.122,0.0,0.335,0.557,95.39,4
10,7iAgNZdotu40NwtoIWJHFe,Bet You Wanna (feat. Cardi B),84,False,159173,0.665,0.674,7,-5.188,1,0.161,0.00386,0.0,0.0734,0.702,111.516,4
11,5KCbr5ndeby4y4ggthdiAb,Wonder,90,False,172692,0.333,0.637,1,-4.904,0,0.0581,0.131,1.8e-05,0.149,0.132,139.898,4
12,1tkg4EHVoqnhR6iFEXb60y,What You Know Bout Love,93,True,160000,0.709,0.548,10,-8.493,1,0.353,0.65,1.59e-06,0.133,0.543,83.995,4
13,6cx06DFPPHchuUAcTxznu9,Head & Heart (feat. MNEK),94,False,166028,0.734,0.874,8,-3.158,1,0.0662,0.168,1.14e-05,0.0489,0.905,122.953,4
14,4JUPEh2DVSXFGExu4Uxevz,Ice Cream (with Selena Gomez),80,False,175813,0.785,0.719,4,-3.886,1,0.354,0.0374,0.000108,0.0519,0.887,159.953,4
15,7ytR5pFWmSjzHJIeQkgog4,ROCKSTAR (feat. Roddy Ricch),95,True,181733,0.746,0.69,11,-7.956,1,0.164,0.247,0.0,0.101,0.497,89.977,4
16,2SAqBLGA283SUiwJ3xOUVI,Laugh Now Cry Later (feat. Lil Durk),95,True,261492,0.761,0.518,0,-8.871,1,0.134,0.244,3.47e-05,0.107,0.522,133.976,4
17,45bE4HXI0AwGZXfZtMp8JR,you broke me first,94,False,169265,0.642,0.374,4,-9.386,1,0.0545,0.786,0.0,0.0906,0.0799,124.099,4
18,1xQ6trAsedVPCdbtDAmk0c,Savage Love (Laxed - Siren Beat),94,True,171374,0.767,0.481,0,-8.52,0,0.0803,0.234,0.0,0.269,0.761,150.076,4
19,35UUpTmrcFXNIVIN26ujXl,Relación - Remix,93,False,247308,0.793,0.771,5,-3.417,1,0.0959,0.0337,1.51e-06,0.284,0.835,171.943,4
20,4xqrdfXkTW4T0RauPLv3WA,Heather,94,False,198040,0.357,0.425,5,-7.301,1,0.0333,0.584,0.0,0.322,0.27,102.078,3
21,1XnpzbOGptRwfJhZgLbmSr,Pretty Savage,83,False,199120,0.695,0.583,9,-6.575,0,0.0423,0.00657,8.75e-05,0.104,0.382,152.001,4
22,4SFknyjLcyTLJFPKD2m96o,How You Like That,83,False,180946,0.812,0.8,11,-4.282,1,0.077,0.0375,0.000112,0.0638,0.357,130.036,4
23,5SWnsxjhdcEDc7LJjq9UHk,Runnin,86,True,195906,0.819,0.626,10,-4.574,0,0.202,0.00748,0.101,0.167,0.415,143.01,4
24,4Q34FP1AT7GEl9oLgNtiWj,Mr. Right Now (feat. Drake),87,True,193838,0.647,0.667,5,-5.563,1,0.304,0.231,0.0,0.133,0.704,172.08,4
25,2Wo6QQD1KMDWeFkkjLqwx5,Roses - Imanbek Remix,82,True,176218,0.785,0.721,8,-5.457,1,0.0506,0.0149,0.00432,0.285,0.894,121.962,4
26,6EDO9iiTtwNv6waLwa1UUq,POPSTAR (feat. Drake),93,True,200221,0.8,0.56,5,-4.818,0,0.261,0.057,0.0,0.134,0.45,163.071,4
27,0EhpEsp4L0oRGM0vmeaN5e,UN DIA (ONE DAY) (Feat. Tainy),93,False,232253,0.571,0.693,6,-8.234,0,0.0545,0.00536,0.0,0.173,0.393,168.169,4
28,3H7ihDc1dqLriiWXwsc2po,Breaking Me,93,False,166793,0.789,0.72,8,-5.652,0,0.218,0.223,0.0,0.129,0.664,122.031,4
29,4HYDUMY0xSpeBr0AMY9cUz,La Curiosidad,93,False,219048,0.845,0.677,11,-4.798,0,0.136,0.269,0.000917,0.108,0.68,90.013,4
30,7x4ASXYEKfQBCewcZhK776,"Ay, DiOs Mío!",93,False,189653,0.718,0.712,11,-4.366,1,0.174,0.512,0.00121,0.104,0.531,180.034,4
31,7qq0EOPW4RRlqdvMBmdd73,Crazy Over You,80,False,161946,0.805,0.66,4,-5.393,1,0.0762,0.0383,8.66e-05,0.189,0.545,114.951,4
32,7qEHsqek33rTcFNT9PFqLf,Someone You Loved,90,False,182160,0.501,0.405,1,-5.679,1,0.0319,0.751,0.0,0.105,0.446,109.891,4
33,6AGOKlMZWLCaEJGnaROtF9,Put Your Records On,89,False,210463,0.399,0.491,6,-10.778,0,0.0538,0.0563,0.00089,0.11,0.151,91.066,4
34,7iKDsPfLT0d5mu2htfMKBZ,Love To Hate Me,80,False,169800,0.68,0.656,8,-4.539,1,0.138,0.0368,0.0,0.101,0.582,162.177,4
35,59qrUpoplZxbIZxk6X0Bm3,Take You Dancing,91,False,190306,0.789,0.711,2,-4.248,1,0.041,0.0332,0.0,0.0876,0.753,112.985,4
36,5rZlwNFl01HqLWBQGryKSm,Mood Swings (feat. Lil Tjay),92,True,213333,0.48,0.602,10,-6.335,0,0.368,0.487,0.0,0.0848,0.269,179.798,4
37,1rgnBhdG2JDFTbYkYRZAku,Dance Monkey,70,False,209754,0.825,0.593,6,-6.401,0,0.0988,0.688,0.000161,0.17,0.54,98.078,4
38,73nAK3HgQK8dak83Y2WQ8F,Vida de Rico,89,False,187426,0.824,0.457,6,-5.428,1,0.0543,0.167,0.0,0.041,0.95,87.977,4
39,2gMXnyrvIjhVBUZwvLZDMP,Before You Go,86,False,215106,0.459,0.575,3,-4.858,1,0.0573,0.604,0.0,0.0885,0.183,111.881,4
40,4TgxFMOn5yoESW6zCidCXL,Savage Love (Laxed – Siren Beat) [BTS Remix],86,True,184905,0.758,0.598,0,-5.695,0,0.0868,0.16,0.0,0.295,0.658,149.836,4
41,4ZRrLHqzhGRXYj2qcB4s5S,Tattoo - Remix with Camilo,92,False,222680,0.848,0.637,9,-5.132,1,0.156,0.0413,0.0,0.0521,0.698,96.988,4
42,15OjBeqNX3bShsGYQbteRv,La Tóxica,90,False,180520,0.659,0.701,9,-4.107,1,0.164,0.0882,0.0,0.0866,0.623,91.97,4
43,2Y0wPrPQBrGhoLn14xRYCG,Come & Go (with Marshmello),91,True,205484,0.625,0.814,0,-5.181,1,0.0657,0.0172,0.0,0.158,0.535,144.991,4
44,6bvfJf4KjonPMuPfGfy3S2,La Jeepeta - Remix,84,True,345240,0.814,0.714,4,-4.65,0,0.207,0.297,4.89e-06,0.091,0.789,176.013,4
45,39kzWAiVPpycdMpr745oPj,You Never Know,79,False,229213,0.39,0.475,5,-5.489,1,0.0989,0.248,0.0,0.158,0.276,72.088,4
46,27ycaQnQAxaPiyeg3nr2aB,Midnight Sky,91,False,223279,0.705,0.814,4,-5.466,0,0.0346,0.00115,0.00312,0.203,0.259,110.0,4
47,0JAZWvvqttGFm4UMDsPQXC,Despeinada,86,False,224186,0.734,0.775,8,-3.855,1,0.0614,0.186,0.000542,0.123,0.72,166.039,4
48,0ofHAoxe9vBkTCp2UQIavz,Dreams - 2004 Remaster,88,False,257800,0.828,0.492,0,-9.744,1,0.0276,0.0644,0.00428,0.128,0.789,120.151,4
49,7eJMfftS33KTjuF7lTsMCx,death bed (coffee for your head),91,False,173333,0.726,0.431,8,-8.765,0,0.135,0.731,0.0,0.696,0.348,144.026,4
50,4jVBIpuOiMj1crqd8LoCrJ,FRANCHISE (feat. Young Thug & M.I.A.),88,True,202794,0.835,0.699,8,-5.405,0,0.277,0.00671,0.0,0.195,0.547,154.981,4
51,5Jm4w8jmPEBTLjI9vH4fXo,Caramelo,81,False,217240,0.735,0.791,6,-4.462,1,0.0679,0.0529,0.000146,0.145,0.697,168.087,4
52,6pcywuOeGGWeOQzdUyti6k,Glock In My Lap,82,True,193591,0.847,0.733,10,-6.439,0,0.16,0.00574,1.04e-05,0.151,0.202,130.029,4
53,11EnQRgRMJwMAesfkB5pnu,Se Te Nota (with Guaynaa),89,False,155825,0.905,0.686,0,-3.152,1,0.0664,0.0907,0.0,0.266,0.963,103.013,4
54,2U5WueTLIK5WJLD7mvDODv,Wishing Well,91,True,194621,0.65,0.613,9,-6.13,0,0.128,0.00336,0.0,0.267,0.0804,149.972,4
55,7kDUspsoYfLkWnZR7qwHZl,my ex's best friend (with blackbear),87,True,139460,0.731,0.675,5,-5.134,0,0.0434,0.00473,0.0,0.141,0.298,124.939,4
56,5y7DaS3jAc9eZzcSOoUIwU,Una Locura,89,False,230693,0.714,0.761,5,-4.596,0,0.0427,0.139,0.00035,0.241,0.906,168.022,4
57,3PfIrDoz19wz7qK7tYeu62,Don't Start Now,85,False,183290,0.793,0.793,11,-4.521,0,0.083,0.0123,0.0,0.0951,0.679,123.95,4
58,6fmQjRuo7XvRFCK2qex5hQ,Mi Cuarto,90,False,197586,0.854,0.525,1,-4.426,1,0.214,0.819,0.0,0.146,0.63,97.054,4
59,2MbdDtCv5LUVjYy9RuGTgC,"WHATS POPPIN (feat. DaBaby, Tory Lanez & Lil Wayne) - Remix",90,True,227478,0.904,0.723,11,-5.224,0,0.26,0.0631,0.0,0.185,0.835,145.013,4
60,7ju97lgwC2rKQ6wwsf9no9,Rain On Me (with Ariana Grande),83,False,182200,0.672,0.855,9,-3.764,1,0.0397,0.021,0.0,0.323,0.646,123.056,4
61,1IIKrJVP1C9N7iPtG6eOsK,Go Crazy,90,True,176960,0.755,0.578,0,-8.932,0,0.145,0.316,0.0,0.25,0.581,94.148,4
62,7aGyRfJWtLqgJaZoG9lJhE,Mad at Disney,89,False,136838,0.738,0.621,0,-7.313,1,0.0486,0.424,7.39e-06,0.692,0.715,113.968,4
63,22LAwLoDA5b4AaGSkg6bKW,Blueberry Faygo,85,True,162546,0.774,0.554,0,-7.909,1,0.0383,0.207,0.0,0.132,0.349,99.034,4
64,3ruoIF2UnoXdzK8mR61ebq,Rich Nigga Shit (feat. Young Thug),81,True,190331,0.825,0.733,1,-5.625,0,0.0969,0.349,0.0,0.112,0.62,97.974,4
65,4HBZA5flZLE435QTztThqH,Stuck with U (with Justin Bieber),90,False,228482,0.597,0.45,8,-6.658,1,0.0418,0.223,0.0,0.382,0.537,178.765,3
66,21jGcNKet2qwijlDFuPiPb,Circles,89,False,215280,0.695,0.762,0,-3.497,1,0.0395,0.192,0.00244,0.0863,0.553,120.042,4
67,3CDVMejYHnB1SkEEx0T1N4,Many Men,81,True,201856,0.635,0.793,10,-4.333,0,0.0322,0.000647,0.747,0.113,0.281,77.594,4
68,6gBFPUFcJLzWGx4lenP6h2,goosebumps,89,True,243836,0.841,0.728,7,-3.37,1,0.0484,0.0847,0.0,0.149,0.43,130.049,4
69,1pqnQ41XbfKjaFu6M0eGJp,"Agua (with J Balvin) - Music From ""Sponge On The Run"" Movie",90,False,157944,0.76,0.658,7,-5.275,1,0.275,0.162,0.0,0.195,0.565,100.202,4
70,1InCpEliLCkWHOBdXW7XSx,Kings & Queens,86,False,162398,0.637,0.69,1,-4.057,0,0.0405,0.00786,0.0,0.124,0.457,129.857,4
71,6v3KW9xbzN5yKLt9YKDYA2,Señorita,82,False,190799,0.759,0.548,9,-6.049,0,0.029,0.0392,0.0,0.0828,0.749,116.967,4
72,017PF4Q3l4DBUiWoXk4OWT,Break My Heart,86,False,221820,0.73,0.729,4,-3.434,0,0.0883,0.167,1.39e-06,0.349,0.467,113.013,4
73,3jjujdWJ72nww5eGnfs2E7,Adore You,87,False,207133,0.676,0.771,8,-3.675,1,0.0483,0.0237,7e-06,0.102,0.569,99.048,4
74,62aP9fBQKYKxi7PDXwcUAS,ily (i love you baby) (feat. Emilee),89,False,176546,0.674,0.774,11,-7.567,0,0.0892,0.0686,0.00188,0.393,0.33,112.05,4
75,7e1VoRlNumuEkXlITMHKLE,Me Gusta (with Cardi B & Myke Towers),87,False,180788,0.91,0.604,6,-4.392,0,0.082,0.448,0.0,0.0863,0.807,110.075,4
76,7fxSLnklnayJNBIKntXedZ,Slidin,80,True,185036,0.774,0.706,2,-6.494,1,0.355,0.00163,1.28e-06,0.104,0.382,152.891,4
77,3GtnId3Cm1Xa6joCj08nzW,Jeans,88,True,185840,0.807,0.656,3,-4.395,0,0.105,0.0165,0.0,0.0693,0.89,83.943,4
78,2b8fOow8UzyDFAE27YhOZM,Memories,89,False,189486,0.764,0.32,11,-7.209,1,0.0546,0.837,0.0,0.0822,0.575,91.019,4
79,0nbXyq5TXYPCO7pr3N8S4I,The Box,89,True,196652,0.896,0.586,10,-6.687,0,0.0559,0.104,0.0,0.79,0.642,116.971,4
80,35RJhm1pEovTBwnNR0zWad,GREECE (feat. Drake),89,True,218901,0.695,0.343,5,-10.798,1,0.0432,0.0743,1.04e-06,0.107,0.229,85.84,4
81,1H7KnK26kc1YyellpbINEn,The Woo (feat. 50 Cent & Roddy Ricch),89,True,201600,0.49,0.618,1,-5.655,1,0.104,0.0221,3.77e-06,0.259,0.286,99.7,4
82,285pBltuF7vW8TeWk8hdRR,Lucid Dreams,88,True,239835,0.511,0.566,6,-7.23,0,0.2,0.349,0.0,0.34,0.218,83.903,4
83,4SCnCPOUOUXUmCX2uHb3r7,Outta Time (feat. Drake),77,False,198821,0.714,0.582,5,-7.272,0,0.0808,0.0129,0.0,0.0774,0.338,92.819,4
84,0AUvWawuP0ibk4SQ3sIZjk,Daisy,87,True,146523,0.834,0.663,8,-6.143,1,0.133,0.235,0.0,0.372,0.774,121.876,4
85,6Hj9jySrnFppAI0sEMCZpJ,Robbery,88,True,240050,0.685,0.692,2,-5.122,1,0.0457,0.328,0.0,0.153,0.578,159.966,5
86,3eekarcy7kvN4yt5ZFzltW,HIGHEST IN THE ROOM,88,True,175720,0.598,0.427,7,-8.764,0,0.0317,0.0546,5.83e-06,0.21,0.0605,76.469,4
87,6wQlQrTY5mVS8EGaFZVwVF,Smile (with The Weeknd),86,True,196180,0.694,0.685,6,-6.535,0,0.133,0.224,0.0,0.124,0.306,158.831,4
88,4umIPjkehX1r7uhmGvXiSV,Intentions (feat. Quavo),83,False,212866,0.806,0.546,9,-6.637,1,0.0575,0.3,0.0,0.102,0.874,147.986,4
89,13vDU8nPsvTGEVTMB8Vw7g,Djadja (feat. Maluma) - Remix,74,False,166850,0.791,0.682,5,-7.328,1,0.158,0.175,0.0,0.0926,0.672,98.031,4
90,466cKvZn1j45IpxDdYZqdA,Toosie Slide,81,True,247058,0.83,0.49,1,-8.82,0,0.209,0.289,3.04e-06,0.113,0.845,81.604,4
91,5hvwx5i67IwnCkjl9VHkNv,Diamonds,87,False,213869,0.653,0.667,10,-6.764,0,0.0423,0.154,0.0,0.107,0.556,104.181,4
92,2rRJrJEo19S2J82BDsQ3F7,Falling,78,False,159381,0.784,0.43,10,-8.756,0,0.0364,0.123,0.0,0.0887,0.236,127.087,4
93,0RiRZpuVRbi7oqRdSMwhQY,Sunflower - Spider-Man: Into the Spider-Verse,82,False,157560,0.755,0.522,2,-4.368,1,0.0575,0.533,0.0,0.0685,0.925,89.96,4
94,2VxeLyX666F8uXCJ0dZF8B,Shallow,85,False,215733,0.572,0.385,7,-6.362,1,0.0308,0.371,0.0,0.231,0.323,95.799,4
95,0u2P5u6lvoDfwTYjAADbn4,lovely (with Khalid),88,False,200185,0.351,0.296,4,-10.109,0,0.0333,0.934,0.0,0.095,0.12,115.284,4
96,2Fxmhks0bxGSBdJ92vM42m,bad guy,88,False,194087,0.701,0.425,7,-10.965,1,0.375,0.328,0.13,0.1,0.562,135.128,4
97,4lsHZ92XCFOQfzJFBTluk8,You Got It,86,True,201586,0.774,0.376,5,-9.372,1,0.208,0.297,0.0,0.165,0.391,122.089,4
98,6N22FZs2ZhPBYi3b9XPajV,Still Don't Know My Name,88,False,153294,0.316,0.63,5,-5.963,1,0.117,0.471,0.262,0.205,0.313,89.643,1
99,5DoLhdU27owX1NMrKLUbUl,"Lean (feat. Towy, Osquel, Beltito & Sammy & Falsetto)",87,True,260545,0.863,0.669,6,-5.952,0,0.282,0.111,0.0,0.0569,0.947,164.062,4
100,2xLMifQCjDGFmkHkpNLD9h,SICKO MODE,88,True,312820,0.834,0.73,8,-3.714,1,0.222,0.00513,0.0,0.124,0.446,155.008,4
101,7k4t7uLgtOxPwTpFmtJNTY,Tusa,88,False,200960,0.803,0.715,2,-3.28,1,0.298,0.295,0.000134,0.0574,0.574,101.085,4
102,2GiJYvgVaD2HtM8GqD9EgQ,Electric Love,88,False,218106,0.611,0.797,6,-7.627,0,0.0533,0.00543,0.00137,0.26,0.518,120.041,4
103,6C6mUonH6MNdSg5pw7kOc9,Ayer Me Llamó Mi Ex (feat. Lenny Santos),88,True,206760,0.752,0.716,10,-5.2,0,0.0325,0.254,0.0,0.243,0.553,117.007,4
104,2MlOUXmcofMackX3bxfSwi,Jerusalema (feat. Nomcebo Zikode),86,False,342612,0.88,0.483,1,-7.012,1,0.0504,0.0185,8.75e-06,0.0607,0.827,124.009,4
105,4RJz8NfIe09gpKMiRUWKhJ,Parce (feat. Justin Quiles),87,False,248345,0.691,0.739,5,-3.09,0,0.229,0.422,3.95e-06,0.11,0.884,83.897,4
106,3IJYUaN3tx04S4TYyZHKoP,Party Girl,79,False,147800,0.73,0.439,6,-9.864,0,0.0609,0.747,0.0,0.0988,0.615,130.09,4
107,4pXW6ZAHBz7ODXTRKklWrM,Mamichula - con Nicki Nicole,88,False,219201,0.696,0.678,4,-5.893,0,0.0735,0.582,2.22e-06,0.134,0.346,91.985,4
108,79s5XnCN4TJKTVMSmOx8Ep,Dior,86,True,216386,0.548,0.805,7,-5.732,1,0.351,0.212,0.000389,0.408,0.648,142.094,4
109,2kJwzbxV2ppxnQoYw4GLBZ,If the World Was Ending - feat. Julia Michaels,86,False,208687,0.464,0.473,1,-10.086,1,0.129,0.866,0.0,0.109,0.604,75.801,4
110,27u7t9d7ZQoyjsCROHuZJ3,Tick Tock (feat. 24kGoldn),86,False,178373,0.779,0.705,0,-3.895,1,0.0344,0.369,7.91e-06,0.124,0.946,101.022,4
111,0jT8Nl0shPS8115is0wD2Q,Favorito,82,False,209765,0.606,0.853,9,-2.975,1,0.0545,0.237,0.0,0.251,0.822,178.043,4
112,1K5KBOgreBi5fkEHvg5ap3,Life Is Good (feat. Drake),77,True,237918,0.795,0.574,2,-6.903,0,0.487,0.067,0.0,0.15,0.537,142.053,4
113,33gwZOGJWEZ7dRWPqPxBEZ,Wolves (feat. Post Malone),86,True,199758,0.724,0.675,2,-5.267,1,0.0867,0.0978,9.41e-06,0.351,0.325,160.048,4
114,0pqnGHJpmpxLKifKRmU6WP,Believer,87,False,204346,0.776,0.78,10,-4.374,0,0.128,0.0622,0.0,0.081,0.666,124.949,4
115,1dLXLETYiZohIZWnse4ypG,Better,84,False,174516,0.637,0.418,2,-7.137,1,0.301,0.353,0.0,0.131,0.0807,84.295,4
116,2tnVG71enUj33Ic2nFN6kZ,Ride It,87,False,157605,0.88,0.751,7,-4.258,0,0.0874,0.177,6.43e-05,0.106,0.884,117.948,4
117,1ZMiCix7XSAbfAJlEZWMCp,Falling,87,False,240133,0.567,0.267,4,-6.502,1,0.0299,0.839,1.46e-06,0.089,0.0592,110.011,4
118,696DnlkuDOXcMAnKlTgXXK,ROXANNE,87,True,163636,0.621,0.601,6,-5.616,0,0.148,0.0522,0.0,0.46,0.457,116.735,5
119,3kml9ZdpT7UYk1ugkjqOzt,Don Don,86,True,275893,0.838,0.819,5,-4.681,0,0.211,0.285,6.3e-05,0.224,0.656,105.027,4
120,3ZG8N7aWw2meb6UrI5ZmnZ,Relación,88,False,184254,0.805,0.562,7,-3.117,0,0.105,0.125,4.96e-06,0.148,0.767,172.094,4
121,24IgCW19L8lXKyFZwzFtD3,MAMACITA,61,True,251428,0.88,0.626,2,-7.062,1,0.0473,0.19,0.000755,0.094,0.441,105.01,4
122,1VSuFS7PahCN3SWbOcQ98m,forget me too (feat. Halsey),82,True,171620,0.654,0.875,1,-4.845,1,0.0744,0.000417,0.0086,0.194,0.522,99.975,4
123,5uCax9HTNlzGybIStD3vDh,Say You Won't Let Go,85,False,211466,0.358,0.557,10,-7.398,1,0.059,0.695,0.0,0.0902,0.494,85.043,4
124,7szuecWAPwGoV1e5vGu8tl,In Your Eyes,87,True,237520,0.667,0.719,7,-5.371,0,0.0346,0.00285,8.1e-05,0.0736,0.717,100.021,4
125,3Z8FwOEN59mRMxDCtb8N0A,Be Kind (with Halsey),87,False,172761,0.63,0.633,4,-7.088,1,0.0457,0.00776,0.0,0.0541,0.452,93.995,4
126,5f1joOtoMeyppIcJGZQvqJ,Be Like That - feat. Swae Lee & Khalid,87,False,191406,0.727,0.626,7,-8.415,1,0.0726,0.0469,2.58e-05,0.126,0.322,86.97,4
127,67jvGGbJmOmVonlyX3mNkV,Caramelo - Remix,78,False,233160,0.755,0.772,3,-4.539,0,0.154,0.0605,9.19e-05,0.223,0.586,168.062,4
128,2lCkncy6bIB0LTMT7kvrD1,Azul,87,False,205933,0.843,0.836,11,-2.474,0,0.0695,0.0816,0.00138,0.0532,0.65,94.018,4
129,1VLtjHwRWOVJiE5Py7JxoQ,Martin & Gina,86,True,132832,0.832,0.534,1,-7.813,0,0.253,0.345,0.0,0.165,0.116,93.924,4
130,42Tohunwlh34o0mgxYx5iq,My Dawg,78,True,181715,0.831,0.532,0,-5.319,0,0.301,0.0652,0.0,0.464,0.364,140.105,4
131,06s3QtMJVXw1AJX3UfvZG1,Hasta Que Dios Diga,87,True,246000,0.691,0.765,8,-4.727,1,0.111,0.464,3.29e-06,0.203,0.855,174.021,4
132,7B3z0ySL9Rr0XvZEAjWZzM,Sofia,85,False,188386,0.744,0.619,0,-9.805,1,0.039,0.598,0.00372,0.231,0.641,112.997,4
133,2QjOHCTQ1Jl3zawyYOpxh6,Sweater Weather,85,False,240400,0.612,0.807,10,-2.81,1,0.0336,0.0495,0.0177,0.101,0.398,124.053,4
134,7m9OqQk4RVRkw9JJdeAw96,Jocelyn Flores,87,True,119133,0.872,0.391,0,-9.144,0,0.242,0.469,4.13e-06,0.297,0.437,134.021,4
135,3ZCTVFBt2Brf31RLEnCkWJ,everything i wanted,87,False,245425,0.704,0.225,6,-14.454,0,0.0994,0.902,0.657,0.106,0.243,120.006,4
136,2r6OAV3WsYtXuXjvJ1lIDi,Hello (feat. A Boogie Wit da Hoodie),85,True,190534,0.905,0.647,10,-5.065,0,0.107,0.0187,0.0,0.282,0.367,130.97,4
137,3WaDoMDQRqDdgtCDLxanpN,Snitches & Rats (feat. Young Nudy),77,True,187772,0.821,0.671,9,-5.893,1,0.18,0.00843,8.5e-05,0.0972,0.494,145.953,4
138,4V9ynsDPwHtdItksqjuRu0,Brand New Draco,77,True,202420,0.697,0.709,11,-6.642,0,0.298,0.041,0.000296,0.0886,0.439,155.023,4
139,2D0dj3hVkRQJCp63cxCPEx,Stunnin' (feat. Harm Franklin),86,True,144000,0.885,0.685,11,-6.429,0,0.0627,0.33,0.0,0.148,0.937,99.954,4
140,463CkQjx2Zk1yXoBuierM9,Levitating (feat. DaBaby),83,False,203064,0.702,0.825,6,-3.787,0,0.0601,0.00883,0.0,0.0674,0.915,102.977,4
141,25zlnOAzbVoOzIeXSvQFf1,Got It On Me,86,True,164579,0.688,0.647,2,-7.258,1,0.19,0.00815,1.65e-05,0.095,0.195,88.834,4
142,39Yp9wwQiSRIDOvrVg7mbk,THE SCOTTS,86,True,165977,0.716,0.537,0,-7.648,0,0.0514,0.233,0.0,0.157,0.28,129.979,4
143,3Dv1eDb0MEgF93GpLXlucZ,Say So,86,True,237893,0.787,0.673,11,-4.577,0,0.158,0.256,3.57e-06,0.0904,0.786,110.962,4
144,0hVXuCcriWRGvwMV1r5Yn9,I Don't Care (with Justin Bieber),79,False,219946,0.798,0.676,6,-5.041,1,0.0442,0.0902,0.0,0.0894,0.843,101.956,4
145,19OXtYzrJyCrQvTbfukt4H,Madrid,85,True,198569,0.764,0.741,9,-3.617,1,0.101,0.239,0.0,0.107,0.802,170.081,4
146,0tgVpDi06FyKpA1z0VMD4v,Perfect,86,False,263400,0.599,0.448,8,-6.312,1,0.0232,0.163,0.0,0.106,0.168,95.05,3
147,2f0pn9DkEJwAzXApnFh5cr,Someone To You,77,False,219801,0.52,0.903,2,-5.497,1,0.042,0.00517,0.0,0.254,0.652,74.988,4
148,0zzVTGyRrWpQu8Fr28NRAv,OK Not To Be OK,85,False,159862,0.743,0.837,1,-5.025,0,0.0649,0.0172,0.0,0.0743,0.263,103.072,4
149,205HNJ73cgpC0LAOnuQiWT,Bande organisée,85,True,356346,0.901,0.939,6,-2.762,1,0.274,0.117,0.0,0.0643,0.805,142.948,4
150,5i7ThJfYLAzp2DyZuFpF6j,Heart Of Glass (Live from the iHeart Festival),81,False,213671,0.58,0.908,4,-5.303,1,0.0341,0.000335,4.84e-05,0.087,0.427,115.016,4
151,4VXIryQMWpIdGgYR4TrjT1,All Girls Are The Same,86,True,165819,0.671,0.529,0,-7.226,1,0.307,0.0769,0.000335,0.0856,0.203,161.989,4
152,5sBplhIrmzA4kQGyIOpmDf,Lemonade (Feat. Roddy Ricch & Don Toliver) [Remix],79,True,181495,0.832,0.549,1,-8.259,0,0.0602,0.168,0.0,0.11,0.384,140.045,4
153,380HmhwTE2NJgawn1NwkXi,Rojo,80,False,150720,0.663,0.598,11,-4.042,1,0.17,0.193,8.02e-05,0.0856,0.4,172.245,4
154,7qiZfU4dY1lWllzX7mPBI3,Shape of You,85,False,233712,0.825,0.652,1,-3.183,0,0.0802,0.581,0.0,0.0931,0.931,95.977,4
155,1Cv1YLb4q0RzL6pybtaMLo,Sunday Best,86,False,158571,0.878,0.525,5,-6.832,1,0.0578,0.183,0.0,0.0714,0.694,112.022,4
156,3U4isOIWM3VvDubwSI3y7a,All of Me,85,False,269560,0.422,0.264,8,-7.064,1,0.0322,0.922,0.0,0.132,0.331,119.93,4
157,6ocbgoVGwYJhOv1GgI9NsF,7 rings,86,True,178626,0.778,0.317,1,-10.732,0,0.334,0.592,0.0,0.0881,0.327,140.048,4
158,34LI7rwi9H8w2S5KTHnv1M,Quiéreme Mientras Se Pueda,86,False,191945,0.793,0.782,4,-3.945,1,0.0582,0.447,0.0,0.124,0.81,143.86,4
159,4w47S36wQGBhGg073q3nt7,TKN (feat. Travis Scott),87,False,129370,0.776,0.509,0,-6.266,0,0.467,0.192,1.49e-06,0.115,0.485,94.634,4
160,0xUvi7wldroBzaZCengPa5,24 (feat. Lil Baby),71,True,182857,0.868,0.638,2,-7.746,1,0.0736,0.146,0.0565,0.0931,0.459,126.03,4
161,4u7EnebtmKWzUH433cf5Qv,Bohemian Rhapsody - 2011 Mix,82,False,354320,0.414,0.404,0,-9.928,0,0.0499,0.271,0.0,0.3,0.224,71.105,4
162,4DpNNXFMMxQEKl7r0ykkWA,Play Date,86,True,179867,0.68,0.729,5,-5.077,1,0.0475,0.612,0.0,0.224,0.446,123.97,4
163,3ee8Jmje8o58CHK66QrVC2,SAD!,86,True,166605,0.74,0.613,8,-4.88,1,0.145,0.258,0.00372,0.123,0.473,75.023,4
164,527k23H0A4Q0UJN3vGs0Da,After Party,86,True,167915,0.629,0.692,5,-8.045,1,0.0376,0.00981,0.331,0.603,0.453,162.948,4
165,4nK5YrxbMGZstTLbvj6Gxw,Supalonely,86,True,223480,0.863,0.631,7,-4.689,1,0.0534,0.305,3.04e-05,0.123,0.817,128.977,4
166,7FIWs0pqAYbP91WWM0vlTQ,Godzilla (feat. Juice WRLD),86,True,210800,0.808,0.745,10,-5.26,0,0.342,0.145,0.0,0.292,0.829,165.995,4
167,4R2kfaDFhslZEMJqAFNpdd,cardigan,85,False,239560,0.613,0.581,0,-8.588,0,0.0424,0.537,0.000345,0.25,0.551,130.033,4
168,5qrSlOut2rNAWv3ubArkNy,Be Alright,77,True,196493,0.551,0.537,11,-7.595,1,0.034,0.705,0.0,0.0802,0.493,126.421,4
169,0e7ipj03S05BNilyu5bRzt,rockstar (feat. 21 Savage),85,True,218146,0.585,0.52,5,-6.136,0,0.0712,0.124,7.01e-05,0.131,0.129,159.801,4
170,57RA3JGafJm5zRtKJiKPIm,Are You Bored Yet? (feat. Clairo),86,False,178000,0.682,0.683,8,-6.444,0,0.0287,0.156,2.32e-05,0.273,0.64,120.023,4
171,6Vgtvd7I5yopJdBuxqjBd2,Your Man,79,False,163758,0.785,0.818,7,-8.711,1,0.099,0.624,0.149,0.149,0.0503,117.98,4
172,0SqqAgdovOE24BzxIClpjw,Yo Perreo Sola,86,False,172127,0.86,0.758,11,-5.16,1,0.0695,0.021,6.54e-05,0.344,0.453,97.014,4
173,2mt1IqcFyY1zmYZT8Q3xw9,hot girl bummer,85,True,188343,0.782,0.559,6,-7.106,0,0.0767,0.125,0.0,0.385,0.685,129.992,1
174,2DEZmgHKAvm41k4J3R2E9Y,Safaera,85,True,295176,0.607,0.829,2,-4.074,1,0.379,0.0103,0.0,0.107,0.685,96.172,4
175,5EbtodsuLbxrFDH6j5avVS,El Mismo Aire - con Pablo Alborán,85,False,188213,0.483,0.492,0,-6.591,0,0.295,0.603,0.0,0.323,0.66,144.511,4
176,70eFcWOvlMObDhURTqT4Fv,Beautiful People (feat. Khalid),77,False,197866,0.64,0.647,5,-8.114,0,0.186,0.124,0.0,0.0801,0.546,92.979,4
177,2ygvZOXrIeVL4xZmAWJT2C,my future,86,False,208155,0.444,0.309,8,-10.956,1,0.062,0.795,0.132,0.352,0.0875,104.745,4
178,50I7FNN2rl2rWiNwGxS146,No Opp Left Behind,77,True,194214,0.823,0.703,8,-2.691,1,0.298,0.0161,1.35e-06,0.294,0.26,178.043,4
179,3nS9a01VvXHQriLqJYwRqG,DOLLAZ ON MY HEAD (feat. Young Thug),85,True,197760,0.825,0.458,0,-7.47,1,0.0577,0.114,0.0,0.102,0.161,145.115,4
180,6FZDfxM3a3UCqtzo5pxSLZ,Without Me,76,True,201660,0.752,0.488,6,-7.05,1,0.0705,0.297,9.11e-06,0.0936,0.533,136.041,4
181,6fMzgFFGzWCwiHMzDzNpp5,Lets Link,75,True,159955,0.839,0.683,10,-9.232,0,0.165,0.00667,0.0,0.241,0.522,120.003,4
182,6i7zAdNhzUN2k1HcrBxPHG,Head Shoulders Knees & Toes (feat. Norma Jean Martine),83,False,156960,0.798,0.828,2,-5.36,1,0.193,0.0247,2.55e-06,0.121,0.6,124.962,4
183,43zdsphuZLzwA9k4DJhU0I,when the party's over,85,False,196077,0.367,0.111,4,-14.084,1,0.0972,0.978,3.97e-05,0.0897,0.198,82.642,4
184,5KawlOMHjWeUjQtnuRs22c,Boy With Luv (feat. Halsey),84,False,229773,0.645,0.862,11,-4.757,0,0.0965,0.0923,0.0,0.192,0.798,119.991,4
185,4xWzZmX4K1yyrdtRfbUvjt,Oh Juliana,85,False,153077,0.799,0.568,6,-3.089,1,0.25,0.387,0.0,0.0892,0.963,129.63,4
186,50ZC4PM7hywH27RcCfViau,Elegí (feat. Dímelo Flow),86,False,197721,0.824,0.631,0,-2.791,1,0.0809,0.237,0.000116,0.0531,0.678,171.965,4
187,2dpaYNEQHiRxtZbfNsse99,Happier,85,False,214289,0.687,0.792,5,-2.749,1,0.0452,0.191,0.0,0.167,0.671,100.015,4
188,6K4t31amVTZDgR3sKmwUJJ,The Less I Know The Better,85,True,216320,0.64,0.74,4,-4.083,1,0.0284,0.0115,0.00678,0.167,0.785,116.879,4
189,1wGnp7ejkCuXRsehXx0PNP,RIP Luv,76,True,214192,0.63,0.399,5,-9.869,0,0.178,0.105,0.174,0.234,0.0657,183.016,3
190,3dYD57lRAUcMHufyqn9GcI,Take Me To Church,81,False,241688,0.566,0.664,4,-5.303,0,0.0464,0.634,0.0,0.116,0.437,128.945,4
191,7CHi4DtfK4heMlQaudCuHK,Lose Control,85,False,168387,0.598,0.526,10,-8.659,0,0.0415,0.129,0.0,0.14,0.529,123.935,4
192,2bgcUk2A3jjKbCJ7KPquTi,Mi Niña,83,False,213313,0.823,0.821,8,-3.402,0,0.166,0.31,4.28e-06,0.143,0.791,99.999,4
193,15k1TDabqSEmyXOwMq9RM7,Investe Em Mim,85,False,186533,0.632,0.953,9,-1.283,1,0.0325,0.317,0.0,0.125,0.798,160.061,4
194,7lUdbnz7wsv3C9zzf4WHl9,"PORFA Remix ( Feat. Maluma, Nicky Jam, Sech) - Remix",84,True,333800,0.793,0.737,6,-4.731,0,0.0785,0.0765,0.0,0.0747,0.697,167.969,4
195,6fxVffaTuwjgEk5h9QyRjy,Photograph,67,False,258986,0.614,0.379,4,-10.48,1,0.0476,0.607,0.000464,0.0986,0.201,107.989,4
196,7FtZFla3ZH6PqsAJ9MvVCM,Steppin On Niggas,76,True,140832,0.849,0.635,7,-4.068,1,0.254,0.000608,8.44e-06,0.062,0.798,89.484,4
197,5E30LdtzQTGqRvNd7l6kG5,Daddy Issues,84,False,260173,0.588,0.521,10,-9.461,1,0.0329,0.0678,0.149,0.123,0.337,85.012,4
198,1Slwb6dOYkBlWal1PGtnNg,Thinking out Loud,68,False,281560,0.781,0.445,2,-6.061,1,0.0295,0.474,0.0,0.184,0.591,78.998,4
199,4ZLzoOkj0MPWrTLvooIuaa,Get You The Moon (feat. Snøw),85,False,179080,0.498,0.235,1,-16.541,0,0.188,0.72,0.0,0.144,0.0895,118.917,4
200,2J4P46vCFm1rPkNkp9pZWX,Ice Cream (with Selena Gomez),86,False,175813,0.79,0.729,9,-3.843,1,0.334,0.0342,9.31e-05,0.0411,0.904,159.989,4
201,3vAn0qZzdyuHamcrpkfiX3,How You Like That,81,False,181263,0.828,0.782,11,-4.014,1,0.0918,0.0694,3.41e-05,0.0544,0.351,130.013,4
202,5jSBnH9NyaNP5zdSB3pwgu,Gimme Love,65,False,214557,0.484,0.632,5,-6.917,1,0.0976,0.695,0.0243,0.209,0.0736,126.384,3
203,3Nc86B5XmDlG1KuEeSLD8x,Ew,66,False,207710,0.48,0.373,10,-9.297,1,0.0278,0.804,0.067,0.12,0.0376,114.078,4
204,6Ed1q0X8oSKSm4IIhiQbYg,Daylight,83,True,163905,0.528,0.749,7,-7.571,1,0.0479,0.00488,9.6e-05,0.0949,0.729,163.944,4
205,170DNUSnQRp1tGpppF26pA,Epidemic,81,True,177272,0.616,0.617,1,-8.431,1,0.52,0.128,0.0,0.177,0.476,175.929,4
206,6mADjHs6FXdroPzEGW6KVJ,bloody valentine,79,True,205158,0.533,0.858,2,-4.212,1,0.0766,0.00021,0.0,0.148,0.506,160.057,4
207,5BibcbKVdZUuTttSG02JTp,MODUS,62,False,207265,0.738,0.533,7,-7.617,1,0.0492,0.183,0.000252,0.115,0.262,132.008,4
208,2Imn5iTu2xD3gXCqpBqubu,Tick Tock,60,False,132215,0.781,0.613,4,-5.582,0,0.0524,0.0399,0.00713,0.0976,0.613,80.53,4
209,5F1ZmucV0uJY14y2dYKePa,Sanctuary,60,False,180018,0.552,0.638,1,-7.474,1,0.11,0.387,0.00014,0.374,0.332,167.834,4
210,7JDWhC422Gtk1Bq0mL3OTC,feel something,85,True,180161,0.74,0.415,0,-8.914,1,0.0707,0.242,0.000156,0.319,0.156,136.029,4
211,1zmgEIHE0eXH0IhBGuoTkP,Run,56,False,195000,0.448,0.72,7,-3.954,1,0.0332,0.0427,0.000292,0.614,0.361,157.919,3
212,4Hpib09wXgD84w4uwTPnYD,Tap In,84,True,139413,0.954,0.696,10,-7.117,0,0.204,0.00576,0.000498,0.0754,0.432,100.036,4
213,0f1G5SHFoFC9lO03gHCGVS,Pretty Boy (feat. Lil Yachty),78,True,156759,0.656,0.776,6,-6.184,1,0.0672,0.16,0.378,0.372,0.638,156.049,4
214,1ggYjU6zdFHgANcku82boU,Afterthought,63,False,194871,0.668,0.547,1,-8.024,1,0.0353,0.398,0.0766,0.0931,0.192,83.5,4
215,5cBrOhKDyiJF9bPGUHKkG0,+Linda,85,False,161748,0.66,0.503,9,-5.501,1,0.34,0.131,0.0,0.13,0.396,175.896,4
216,0rKtyWc8bvkriBthvHKY8d,SLOW DANCING IN THE DARK,85,True,209273,0.515,0.479,3,-7.458,1,0.0261,0.544,0.00598,0.191,0.284,88.964,4
217,1sgDyuLooyvEML4oHspNza,Lose Somebody,76,False,199549,0.58,0.586,1,-6.883,1,0.0357,0.344,0.0,0.0755,0.507,147.988,4
218,30bqVoKjX479ab90a8Pafp,Star Shopping,85,True,142000,0.585,0.471,4,-9.934,0,0.0616,0.0967,0.0184,0.115,0.323,93.099,4
219,58AGoOGbwsQMhBbH0eFLRR,Over Now (with The Weeknd),84,True,210795,0.612,0.884,4,-4.113,0,0.0454,0.0759,0.00132,0.247,0.679,178.043,4
220,0ada5XsQGLPUVbmTCkAP49,Hate The Other Side (with Marshmello & The Kid Laroi),85,True,160212,0.701,0.65,6,-6.313,1,0.104,0.291,0.0,0.112,0.647,90.003,4
221,3k0YJnqMKRZb8swo86vCkq,drunk face,77,True,143900,0.691,0.77,7,-4.578,0,0.0367,0.0282,0.0,0.497,0.344,90.024,4
222,2tFwfmceQa1Y6nRPhYbEtC,CÓMO SE SIENTE - Remix,85,True,227520,0.807,0.606,3,-8.871,0,0.088,0.0946,0.0,0.119,0.304,92.988,4
223,2wrJq5XKLnmhRXHIAf9xBa,"10,000 Hours (with Justin Bieber)",85,False,167693,0.654,0.63,10,-4.644,1,0.0259,0.153,0.0,0.111,0.43,89.991,4
224,6XHVuErjQ4XNm6nDPVCxVX,No Guidance (feat. Drake),84,True,260640,0.698,0.454,1,-6.756,0,0.151,0.123,0.0,0.155,0.137,92.932,4
225,7gwwt1IaAWwmB7af0AcuBM,Tak Tiki Tak,85,True,212406,0.801,0.579,11,-4.78,0,0.0813,0.333,0.000355,0.172,0.231,99.994,4
226,1jaTQ3nqY3oAAYyCTbIvnM,WHATS POPPIN,85,True,139741,0.923,0.604,11,-6.671,0,0.245,0.017,0.0,0.272,0.826,145.062,4
227,2jyjhRf6DVbMPU5zxagN2h,Let Her Go,68,False,252866,0.509,0.538,7,-7.335,1,0.0572,0.385,0.0,0.104,0.244,75.089,4
228,6RUKPb4LETWmmr3iAEQktW,Something Just Like This,83,False,247160,0.617,0.635,11,-6.769,0,0.0317,0.0498,1.44e-05,0.164,0.446,103.019,4
229,2HbKqm4o0w5wEeEFXm2sD4,Money Trees,78,True,386906,0.716,0.531,7,-7.355,1,0.122,0.0703,0.0,0.224,0.344,71.994,4
230,7dH9TPjTWQ60wOJkmYay8a,Blastoff (feat. Juice Wrld & Trippie Redd),69,True,174729,0.761,0.517,5,-6.916,1,0.0927,0.114,0.0,0.157,0.46,147.912,4
231,70rFIfYN7lU6iTgUIVP42w,my ex's best friend (with blackbear),81,True,138970,0.728,0.685,5,-5.096,0,0.0433,0.00391,0.0,0.152,0.33,124.934,4
232,4f2GB5ZC7vOUYPAg69N2Xw,September,49,False,221520,0.684,0.864,9,-4.819,1,0.0312,0.131,0.00526,0.344,0.978,125.395,4
233,66W1rVTnEv86dIkFhoiElg,Secrets,85,True,176766,0.848,0.768,6,-5.386,0,0.0373,0.0412,0.000785,0.195,0.777,118.961,4
234,3JKgcAa7r07ocVWcV8bS0H,21,84,True,163797,0.783,0.479,7,-10.646,1,0.541,0.149,0.0,0.101,0.533,176.027,4
235,7BO3y8lmogACezwHqZ1HTB,BXL ZOO,78,True,201333,0.745,0.656,11,-6.829,0,0.203,0.0604,0.0,0.11,0.405,137.997,4
236,7yN9Qx1HtE4c1fhakBz8Ay,DEUX TOILES DE MER,77,True,315640,0.521,0.39,8,-9.726,0,0.128,0.582,7.43e-05,0.112,0.157,104.106,4
237,4pvb0WLRcMtbPGmtejJJ6y,exile (feat. Bon Iver),84,False,285634,0.298,0.38,6,-8.426,1,0.0287,0.778,5.62e-05,0.11,0.152,75.602,4
238,5dOxHHMOFAbG3VH23t0xNm,Righteous,84,True,242180,0.706,0.625,0,-7.426,1,0.0314,0.0417,0.0,0.129,0.225,142.948,4
239,4K06PO78fW4mnBVenxGNob,Conversations,84,True,181661,0.747,0.622,11,-5.825,1,0.0838,0.176,0.0,0.151,0.57,159.93,4
240,77Xwqkw7VrV8E5FCq9JhO8,Dolly (with Lil Uzi Vert),78,True,179813,0.664,0.586,7,-7.813,0,0.238,0.212,0.0,0.216,0.589,88.502,5
241,4wVOKKEHUJxHCFFNUWDn0B,Chicago Freestyle (feat. Giveon),84,True,220487,0.735,0.449,10,-7.507,1,0.347,0.629,0.0,0.113,0.0397,122.947,4
242,6qiiDtFAJjyEhoZVcf6ovL,GOOBA,73,True,132303,0.611,0.688,1,-5.688,1,0.341,0.0264,0.0,0.251,0.393,178.462,4
243,2rPHUAeUPbNgTmK18FPTiZ,GO (feat. Juice WRLD),82,True,181688,0.487,0.74,6,-4.973,1,0.0944,0.157,0.0,0.612,0.522,73.779,4
244,3AzjcOeAmA57TIOr9zF1ZW,Physical,81,False,193829,0.647,0.844,0,-3.756,1,0.0457,0.0137,0.000658,0.102,0.746,146.967,4
245,00ETaeHUQ6lops3oWU1Wrt,Hot Stuff,78,False,199007,0.681,0.773,5,-5.749,1,0.148,0.019,1.28e-06,0.11,0.429,119.961,4
246,0JP9xo3adEtGSdUEISiszL,Moonlight,85,True,135090,0.921,0.537,9,-5.723,0,0.0804,0.556,0.00404,0.102,0.711,128.009,4
247,2ICse7t8MB60EFk6o9aUyw,Who's Laughing Now,81,False,180348,0.648,0.641,7,-5.521,1,0.0389,0.00565,3.63e-06,0.109,0.505,184.021,4
248,4Of7rzpRpV1mWRbhp5rAqG,Bruises,84,False,220492,0.736,0.308,4,-7.83,1,0.0677,0.946,0.0,0.186,0.361,111.202,4
249,6J2LdBN97cDWn0MLxYh9HB,July,84,False,156106,0.708,0.186,9,-8.953,0,0.042,0.868,0.0,0.0779,0.322,72.541,4
250,3tNE4i6TBqMdyTZxHDAn9B,Sweet but Psycho,81,False,187436,0.72,0.706,1,-4.719,1,0.0473,0.0684,0.0,0.166,0.62,133.002,4
251,6NJfIydBMYrXvlaXsFxmc8,Ain't It Different (feat. AJ Tracey & Stormzy),83,True,196363,0.767,0.569,4,-6.805,0,0.216,0.00988,1.45e-05,0.109,0.524,77.052,4
252,17bGtGqqaXOgVnhnfx5NlE,Looking for Me,80,False,211452,0.641,0.529,6,-11.536,1,0.0288,0.00441,0.000862,0.0809,0.449,121.027,4
253,5lWUeSYO61UYgNlFlqcwYl,Lighter (feat. KSI),81,False,182439,0.703,0.837,8,-3.606,1,0.0395,0.0214,4.45e-05,0.104,0.356,124.953,4
254,2DOv2fSLzEC4StSkZAWG9T,UFO,72,True,204000,0.866,0.591,11,-6.324,0,0.159,0.102,0.0,0.204,0.59,100.079,4
255,33EGYJLLwz56YIP5Ex9VKs,West Ten,79,True,213692,0.843,0.852,10,-3.816,0,0.0565,0.334,0.0,0.111,0.845,129.972,4
256,43CHdbHYdcbUWP10UFKyZ7,Giants,72,False,177173,0.572,0.833,8,-5.291,0,0.0754,0.014,5.77e-05,0.129,0.588,158.104,4
257,0DmAvNCAK08oCi7miSZUIY,Lasting Lover,81,False,218358,0.676,0.786,1,-4.529,1,0.0478,0.197,0.0,0.0943,0.483,125.983,4
258,0osdzA0D159EUmBcrwMcB4,See Nobody,72,True,203650,0.826,0.66,7,-4.837,0,0.0953,0.0852,9.26e-06,0.148,0.626,104.994,4
259,3B0WbRucJ6ZIla2G9IVt2E,I Dunno (feat. Dutchavelli & Stormzy),77,True,178137,0.821,0.666,1,-7.237,1,0.342,0.0954,0.0,0.319,0.739,145.066,4
260,4MrXtliOu0PA3pWVdkA94h,"808 (feat. dutchavelli, DigDat & B Young)",72,False,180265,0.863,0.592,10,-6.564,1,0.463,0.0686,0.0,0.0876,0.633,146.05,4
261,5y0ekFHNfFbjKhZlguSzdf,Dinner Guest (feat. MoStack),77,True,198031,0.867,0.648,3,-6.942,0,0.253,0.265,2.62e-06,0.217,0.527,108.005,4
262,4slSrbTK1sNK4I1mDYEthf,Rover (feat. DTG),83,True,167916,0.613,0.624,11,-6.66,0,0.206,0.496,0.0,0.283,0.804,62.948,5
263,7bIq1v8svANsAys7I694Up,Heaven On My Mind (with Sigala),77,False,192573,0.71,0.891,0,-3.116,0,0.0749,0.0313,0.0,0.365,0.705,125.024,4
264,0UBjV0qdhBKQLnl8tNXb9e,Fake Friends (feat. Alex Hosking),74,True,173663,0.667,0.892,5,-4.611,0,0.0451,0.0474,0.00083,0.374,0.541,122.981,4
265,44gz3bzhdcGUFgA5oc1wSu,Holiday,79,False,213596,0.712,0.676,5,-5.965,1,0.184,0.076,0.0,0.0669,0.648,106.156,4
266,7uBaKZZVK0OZ6cqFGpGRXI,Don’t Need Love (with GRACEY),74,False,195480,0.702,0.716,7,-5.378,0,0.0867,0.407,0.0,0.0749,0.607,123.893,4
267,0G9vbgmLrDqjV4NUCSrsIg,Loose (feat. KSI),76,True,152436,0.837,0.624,1,-4.884,1,0.0763,0.0434,0.0,0.141,0.725,108.983,4
268,3z4CGd63tpUn9a6oQSG0CI,Location (feat. Burna Boy),77,True,241293,0.812,0.496,9,-5.969,0,0.297,0.271,0.0,0.0955,0.55,109.979,4
269,4OENnoidV0h8gJV6bhrw7r,Only You Freestyle,79,True,248936,0.68,0.826,5,-2.561,1,0.27,0.562,0.0,0.254,0.804,146.95,4
270,69F4G9WD5U1vKrpaCiLznl,Woi,73,True,182142,0.858,0.584,5,-7.48,1,0.379,0.815,0.0,0.224,0.714,140.208,4
271,003vvx7Niy0yvhvHt4a68B,Mr. Brightside,79,False,222973,0.352,0.911,1,-5.23,1,0.0747,0.00121,0.0,0.0995,0.236,148.033,4
272,58mtgcQVZ56NgWHKsN94nD,Come Over (feat. Popcaan),73,False,208000,0.702,0.652,10,-5.587,0,0.318,0.0608,2.21e-06,0.277,0.524,178.011,4
273,7h2ozcUpSL7ulXjRPPQcDy,Rain,70,True,183065,0.87,0.87,9,-4.797,1,0.202,0.0266,1.95e-06,0.109,0.83,150.145,4
274,4eVU4U063iMLFJFXb9kzkb,Come Over (feat. Anne-Marie & Tion Wayne),73,False,206657,0.797,0.672,8,-6.135,1,0.0477,0.0442,0.0027,0.149,0.561,131.978,4
275,5qqabIl2vWzo9ApSC317sa,Wonderwall - Remastered,78,False,258773,0.378,0.896,2,-4.066,1,0.0407,0.000452,0.0,0.194,0.469,174.302,4
276,1gaMQvjO3dKpOGWv5z7Itr,Bando Diaries,71,True,138428,0.89,0.617,8,-7.767,0,0.38,0.0519,5.6e-06,0.0815,0.706,140.16,4
277,2ZEq4HT450Ye9IFGPTl9qV,Lonely,78,False,190955,0.697,0.921,5,-4.283,1,0.0424,0.0946,1.9e-05,0.159,0.722,123.988,4
278,4Dech2aFB9vMxRFF4rJAM1,Airplane Mode (feat. NSG),68,True,237784,0.593,0.701,5,-4.587,0,0.32,0.0343,0.0,0.0841,0.727,134.814,5
279,5e9TFTbltYBg2xThimr0rU,The Chain - 2004 Remaster,82,False,270213,0.545,0.67,9,-8.81,1,0.0496,0.009,0.000822,0.0451,0.481,151.553,4
280,7b4ky1LlQLFhXHmhZkFgqV,Ladbroke Grove,73,False,190537,0.903,0.839,11,-9.447,0,0.208,0.0939,0.0,0.102,0.727,133.986,4
281,5aYWnrsYvJk8NT7PmUcxVN,Flowers (feat. Jaykae),72,False,197209,0.672,0.925,5,-4.517,0,0.0774,0.015,0.0,0.289,0.447,126.096,4
282,1nYeVF5vIBxMxfPoL0SIWg,Hallucinate,81,False,208505,0.627,0.69,10,-5.396,0,0.139,0.033,0.0,0.0742,0.627,122.053,4
283,55Am8neGJkdj2ADaM3aw5H,Train Wreck,82,False,208826,0.311,0.485,6,-5.726,0,0.0365,0.701,0.0,0.0726,0.225,77.355,4
284,7yq4Qj7cqayVTp3FF9CWbm,Riptide,79,False,204280,0.484,0.731,1,-6.694,1,0.0379,0.431,0.0,0.151,0.51,101.654,4
285,4QPEwDdOMhY7rNS05mTyMR,Own It (feat. Ed Sheeran & Burna Boy),76,False,216706,0.817,0.781,7,-4.178,0,0.112,0.00838,5.21e-06,0.123,0.359,104.0,4
286,07GvNcU1WdyZJq3XxP0kZa,Go Your Own Way - 2004 Remaster,76,False,223613,0.583,0.947,5,-5.12,1,0.0378,0.0185,0.00109,0.0679,0.803,135.448,4
287,6IuNwM769klPMsqWItMZAv,5AM,69,True,212506,0.799,0.611,10,-8.216,0,0.223,0.484,0.0,0.0961,0.599,139.982,4
288,5hmcw6bW5V24CvJqsz87We,On My Mind,73,False,189268,0.771,0.731,7,-6.577,1,0.0407,0.00155,0.681,0.217,0.629,123.026,4
289,3H3r2nKWa3Yk5gt8xgmsEt,This City,83,False,194853,0.602,0.377,11,-6.213,1,0.0446,0.731,0.0,0.0808,0.518,73.877,4
290,254bXAqt3zP6P50BdQvEsq,Everywhere - 2017 Remaster,79,False,226653,0.73,0.487,4,-10.991,1,0.0303,0.258,0.01,0.0852,0.731,114.965,4
291,3rq5w4bQGigXOfdN30ATJt,Do I Wanna Know?,62,False,272394,0.548,0.532,5,-7.596,1,0.0323,0.186,0.000263,0.217,0.405,85.03,4
292,3Fzlg5r1IjhLk2qRw667od,Dancing in the Moonlight,75,False,232693,0.632,0.858,10,-3.463,1,0.035,0.0624,0.0,0.347,0.872,119.397,4
293,3fAa5d2KhtXJ1gxB1wobQz,Burning (feat. M Huncho & Dutchavelli),69,True,169714,0.866,0.48,1,-8.885,1,0.264,0.0388,2.62e-05,0.109,0.473,140.11,4
294,5DXKtoZLm31msT7tNGNHLG,Vossi Bop,69,True,196266,0.682,0.653,8,-6.062,1,0.339,0.13,0.00116,0.129,0.428,188.115,4
295,0UvCh63URrLFcPkKt99hHd,Don't Look Back in Anger - Remastered,71,False,289560,0.327,0.938,0,-3.237,1,0.0645,0.0708,3.79e-06,0.148,0.326,162.937,4
296,6cA8yDBX9TUen9VzIgoL1x,Miss Me (feat. AJ Tracey),65,True,175461,0.654,0.737,11,-7.856,1,0.33,0.283,2.33e-06,0.29,0.735,99.541,4
297,4GSDkZt7GcmzBWmsMcpaVO,Dancing In The Moonlight (feat. NEIMY),78,False,164009,0.659,0.615,11,-5.865,0,0.0644,0.27,0.0,0.187,0.193,119.843,4
298,60iSKGrGazRzICtMjADNSM,Hold Me While You Wait,82,False,205686,0.688,0.53,11,-5.507,1,0.0333,0.443,0.0,0.0995,0.162,106.958,4
299,0RLLvYBopDwooCyvnTwgYu,F.N,81,True,224000,0.567,0.515,6,-10.265,0,0.247,0.354,0.0,0.078,0.321,120.1,1
300,1LV5cAo02H8h5YlZNcjULM,Always Forever,72,False,170053,0.605,0.489,10,-7.234,0,0.174,0.168,2.36e-06,0.187,0.326,147.341,4
301,6pRlNmiZ15mI0D0Y9VBjDe,Who's That What's That,71,True,240000,0.86,0.668,7,-8.512,1,0.221,0.423,1.85e-06,0.096,0.237,128.096,4
302,2tUBqZG2AbRi7Q0BIrVrEj,I Wanna Dance with Somebody (Who Loves Me),82,False,291293,0.709,0.824,1,-8.824,1,0.0453,0.207,0.000307,0.0888,0.867,118.818,4
303,4SVTus5gJc5cfkFZ8ELK1p,Years Go By,74,True,179976,0.374,0.577,1,-7.085,1,0.302,0.0279,5.6e-06,0.562,0.0658,184.201,4
304,4JB0EAT4BkLShTyTt50FmO,"Ego Death (feat. Kanye West, FKA twigs & Skrillex)",79,False,231066,0.813,0.615,10,-5.624,0,0.132,0.061,0.0,0.654,0.321,111.039,4
305,6N1EjQjnvhOjFrF6oUmGPa,Summer Of '69,49,False,216973,0.505,0.71,2,-10.853,1,0.0371,0.0115,2.58e-06,0.0977,0.771,138.907,4
306,5kkaSMcf4BFlhRRICCKZb6,Something Special,80,True,158466,0.739,0.616,7,-6.963,0,0.0338,0.252,1.93e-06,0.101,0.654,91.071,4
307,3qvZW1bLvAsJIUhYcuvf4F,Real Life (feat. Stormzy),71,True,197933,0.594,0.568,0,-7.268,1,0.0701,0.147,4.01e-05,0.339,0.407,132.348,5
308,0uI7yAKUf52Cn7y3sYyjiX,3 Nights,70,False,177666,0.815,0.518,7,-6.594,0,0.0897,0.223,0.0,0.104,0.877,151.891,4
309,7e8utCy2JlSB8dRHKi49xM,Fluorescent Adolescent,68,False,173493,0.646,0.813,6,-5.29,0,0.0288,0.00178,2.26e-05,0.144,0.821,112.115,4
310,0SxjNrhMwarsbcgEy0pavJ,Both,68,True,213586,0.751,0.674,1,-7.101,1,0.212,0.565,0.000266,0.114,0.565,145.808,4
311,1kKYjjfNYxE0YYgLa7vgVY,Higher Love,69,False,228267,0.693,0.678,8,-7.159,1,0.0324,0.0151,5.71e-06,0.101,0.404,103.952,4
312,4HDCLYli2SUdkq9OjmvhSD,BELIEVE IT,81,True,183219,0.43,0.7,6,-5.35,1,0.264,0.0902,0.0,0.216,0.731,158.373,4
313,7BHPGtpuuWWsvE7cCaMuEU,Naive,73,False,203506,0.391,0.808,8,-6.209,0,0.0892,0.0759,0.0,0.149,0.737,100.304,4
314,2RlgNHKcydI9sayD2Df2xp,Mr. Blue Sky,80,False,303373,0.388,0.338,10,-10.054,1,0.0328,0.652,3.72e-06,0.248,0.477,177.784,4
315,2zzLRQ78kKfPTx8FJQCdC2,When The Sun Goes Down,73,False,202133,0.348,0.875,11,-4.758,0,0.199,0.0341,0.0,0.117,0.407,169.152,4
316,4ofwffwvvnbSkrMSCKQDaC,Shotgun,79,False,201287,0.672,0.735,5,-4.733,1,0.0457,0.286,0.0,0.242,0.754,115.741,4
317,6FE2iI43OZnszFLuLtvvmg,Classic,80,False,175426,0.72,0.791,1,-4.689,1,0.124,0.0384,0.0,0.157,0.756,102.071,4
318,4bHsxqR3GMrXTxEPLuK5ue,Don't Stop Believin',80,False,250986,0.5,0.748,4,-9.072,1,0.0363,0.127,0.0,0.447,0.514,118.852,4
319,5xoUgPXbMNUmoHU0Enwtwq,She Moves In Her Own Way,71,False,169306,0.41,0.803,7,-5.363,1,0.0623,0.239,0.0,0.103,0.814,153.315,4
320,5wfyoR8XOkw45QRtFOoxyi,Professor X,69,True,217704,0.891,0.675,2,-6.892,1,0.152,0.11,0.0,0.275,0.562,127.012,4
321,3DKCTIiJ97bS9TGiqcABjo,Thiago Silva,70,True,201963,0.667,0.673,0,-7.574,1,0.323,0.0641,4e-06,0.0975,0.669,144.256,4
322,58ge6dfP91o9oXMzq3XkIS,505,74,False,253586,0.52,0.852,0,-5.866,1,0.0543,0.00237,5.79e-05,0.0733,0.234,140.267,4
323,11bD1JtSjlIgKgZG2134DZ,Chasing Cars,78,False,267933,0.563,0.592,9,-4.571,1,0.0276,0.209,5.08e-05,0.132,0.136,104.016,4
324,7w87IxuO7BDcJ3YUqCyMTT,Pumped Up Kicks,84,False,239600,0.733,0.71,5,-5.849,0,0.0292,0.145,0.115,0.0956,0.965,127.975,4
325,0ycIrEpkyb4lrqE7M1emju,Inhale,71,True,171173,0.498,0.705,9,-8.088,0,0.392,0.321,0.000441,0.414,0.571,156.519,4
326,3E7dfMvvCLUddWissuqMwr,Party In The U.S.A.,79,False,202066,0.652,0.698,10,-4.667,0,0.042,0.00112,0.000115,0.0886,0.47,96.021,4
327,5eR6OS3joTAHJToyzehKfu,Trouble’s Coming,70,False,228400,0.767,0.694,1,-5.059,0,0.0384,0.0629,0.0,0.32,0.78,112.012,4
328,6y1UtRcHQU07aUs3oxZ8Yn,Sorry,71,False,188640,0.744,0.79,8,-4.617,0,0.0562,0.0547,0.000802,0.32,0.847,125.002,4
329,7LRmDx4pMTQuOBBwRT1MCT,Don't Rush (feat. Headie One),69,True,207826,0.963,0.449,1,-8.701,0,0.323,0.185,0.00616,0.18,0.337,108.043,4
330,5v4GgrXPMghOnBBLmveLac,Savage Remix (feat. Beyoncé),84,True,242000,0.822,0.743,10,-4.772,0,0.28,0.016,0.0,0.127,0.636,84.459,4
331,1vuUbnY82fCNjfzqjLmblw,all I know (feat. Trippie Redd),75,True,129142,0.712,0.624,9,-6.911,1,0.067,0.0342,4.91e-05,0.0919,0.335,77.471,4
332,36orMWv2PgvnzXsd5CJ0yL,Post Malone (feat. RANI),74,False,174444,0.59,0.642,7,-3.87,1,0.122,0.0771,0.0,0.105,0.651,107.356,4
333,69LvvkHnFFnX3d5eNObtMo,kiss kiss,74,True,138097,0.569,0.85,1,-5.134,1,0.055,0.000279,0.0,0.337,0.769,162.061,4
334,4kDgnKgZTX6puRz9EoNjle,title track,74,True,165967,0.268,0.829,7,-5.17,1,0.101,0.00107,0.0,0.157,0.351,199.886,4
335,2374M0fQpWi3dLnB54qaLX,Africa,83,False,295893,0.671,0.373,9,-18.064,1,0.0323,0.257,8.01e-05,0.0481,0.732,92.718,4
336,4bo8wLRodh0QSqCdgqbxUs,How Do You Want It (feat. Krept & Konan and Bandokay),66,True,225590,0.761,0.656,11,-6.468,0,0.338,0.259,0.0,0.0957,0.6,110.294,4
337,40Y1RNGMnsb3FUDnpONsEw,Strike a Pose (feat. Aitch),60,True,213226,0.525,0.578,1,-5.803,1,0.11,0.0119,1.9e-05,0.102,0.603,140.027,5
338,5GrnYtEXFHN51MvfBZz9ji,Lagga,66,True,206197,0.629,0.78,1,-6.178,1,0.374,0.0972,0.0,0.0776,0.656,142.874,4
339,5HQc6EqNQk4q3fxl7f2jfM,Purpose,61,True,176170,0.488,0.63,6,-7.788,1,0.532,0.0702,0.0,0.174,0.327,93.263,4
340,34YkG2pMNOldalZtevHztN,On Deck,69,True,179534,0.482,0.749,6,-7.597,0,0.317,0.407,0.0,0.0911,0.611,108.557,3
341,7vCzWUYsfbDga8ZuUzn1RE,"Red Card (feat. Skepta, Jammer, JME & Shorty)",67,True,194042,0.473,0.824,1,-5.268,1,0.332,0.059,0.0,0.422,0.554,141.331,4
342,5T8EDUDqKcs6OSOwEsfqG7,Don't Stop Me Now - 2011 Mix,81,False,209413,0.559,0.868,5,-5.276,1,0.17,0.0475,0.000176,0.776,0.609,156.295,4
343,5WHTFyqSii0lmT9R21abT8,Don't Call Me Up,81,False,178480,0.674,0.881,9,-2.853,1,0.147,0.296,3.01e-06,0.0793,0.234,98.994,4
344,3QzAOrNlsabgbMwlZt7TAY,Ballin' (with Roddy Ricch),84,True,180434,0.809,0.545,7,-6.678,1,0.0735,0.392,0.0,0.151,0.244,97.008,4
345,20wMPnqHdNdBWaKRaMM7fD,feel away (feat. James Blake & Mount Kimbie),70,True,203572,0.638,0.537,0,-9.001,1,0.0344,0.69,0.176,0.174,0.351,79.992,4
346,2y3mrzWEWaAFqb2jf5fED8,Snitches & Rats (Interlude),75,True,57073,0.607,0.371,1,-14.255,0,0.894,0.742,0.000164,0.403,0.945,102.481,3
347,3yv7994DWTEk3ihwy75YBQ,Don’t Stop (feat. Young Thug),78,True,187940,0.933,0.757,2,-3.212,1,0.117,0.00184,0.0,0.135,0.544,137.993,4
348,11XegnWeJHBDtj9IsNwngu,Said N Done,76,True,231831,0.775,0.566,11,-6.661,1,0.283,0.0381,0.000341,0.127,0.479,160.351,4
349,0tbjiOUl4k492KPdWZS9sy,7 Summers,81,False,210122,0.457,0.774,0,-5.201,1,0.0336,0.428,4.29e-05,0.119,0.59,203.863,4
350,5UpXJ75CXod4PCoBQP6MAP,Intro,74,True,70044,0.427,0.473,1,-11.104,1,0.15,0.312,0.369,0.527,0.654,80.972,3
351,6gxKUmycQX7uyMwJcweFjp,We Paid (feat. 42 Dugg),84,True,181929,0.926,0.542,1,-5.064,1,0.293,0.135,0.0,0.0877,0.564,135.14,4
352,0qJeyYAgv6UpvewUxRXAhb,Rags2Riches 2 (feat. Lil Baby),83,True,235987,0.874,0.443,5,-9.628,0,0.241,0.147,0.0,0.124,0.298,118.004,4
353,6foY66mWZN0pSRjZ408c00,Whiskey Glasses,81,False,234346,0.614,0.68,6,-4.58,1,0.0289,0.369,1.84e-06,0.115,0.707,149.959,4
354,5MwynWK9s4hlyKHqhkNn4A,Chasin' You,80,False,205453,0.631,0.591,7,-5.785,1,0.0277,0.657,0.0,0.11,0.489,97.074,4
355,6Gg1gjgKi2AK4e0qzsR7sd,Bandit (with YoungBoy Never Broke Again),84,True,189322,0.474,0.631,5,-5.884,0,0.343,0.0687,0.0,0.132,0.425,180.051,4
356,0eBXyY4SatzpE7opnzgXvz,More Than My Hometown,79,False,216573,0.621,0.882,6,-5.01,1,0.0459,0.601,0.0,0.132,0.574,126.014,4
357,6WbTTAGKrQtCQvmc5BuYfh,Girls in the Hood,82,True,154323,0.821,0.863,6,-3.159,1,0.353,0.00824,0.0,0.0377,0.874,180.013,4
358,14GwnOeC9qYEKEA6uOZepa,One Of Them Girls,80,False,188893,0.643,0.79,4,-6.079,1,0.0462,0.294,0.0,0.107,0.8,95.987,4
359,2rxQMGVafnNaRaXlRMWPde,Beautiful Crazy,80,False,193200,0.551,0.402,11,-7.431,1,0.0262,0.676,0.0,0.0928,0.382,103.313,4
360,0GO8y8jQk1PkHzS31d699N,Tongue Tied,82,False,218013,0.56,0.936,3,-5.835,1,0.0439,0.00847,0.0,0.161,0.371,112.96,4
361,0uxSUdBrJy9Un0EYoBowng,20 Min,82,True,220586,0.773,0.75,8,-4.009,0,0.117,0.109,0.0,0.174,0.783,123.426,4
362,1Z0cZI0UzNbP9L8MzzGxqf,Walk Em Down (feat. Roddy Ricch),74,True,173288,0.867,0.744,2,-5.171,1,0.227,0.268,0.0,0.0713,0.645,84.005,4
363,62vpWI1CHwFy7tMIcSStl8,No Role Modelz,83,True,292986,0.692,0.521,10,-8.465,0,0.33,0.301,0.0,0.0565,0.463,100.45,4
364,2QqJTIlGKRLJC3onkavYEz,Flex (feat. Juice WRLD),82,True,163902,0.752,0.673,10,-5.792,0,0.153,0.0538,0.0,0.133,0.35,164.009,4
365,0mCiEhtdRn5YYhefLXcxI7,Narrow Road (feat. Lil Baby),67,True,240297,0.614,0.553,7,-8.225,1,0.169,0.0306,0.0,0.203,0.161,159.999,4
366,3FU6urUVsgXa6RBuV2PdRk,Heartless (feat. Morgan Wallen),79,True,169226,0.765,0.556,11,-6.417,1,0.0512,0.275,0.0,0.0824,0.274,111.033,4
367,07KXEDMj78x68D884wgVEm,High Fashion (feat. Mustard),82,True,220486,0.831,0.499,11,-8.442,0,0.114,0.269,0.0,0.3,0.511,97.956,4
368,6Ozh9Ok6h4Oi1wUSLtBseN,BOP,83,True,159714,0.769,0.787,11,-3.909,1,0.367,0.189,0.0,0.129,0.836,126.77,4
369,2JvzF1RMd7lE3KmFlsyZD8,MIDDLE CHILD,82,True,213593,0.837,0.364,8,-11.713,1,0.276,0.149,0.0,0.271,0.463,123.984,4
370,23T0OX7QOiIUFShSzbJ5Uo,I Hope,79,False,210772,0.466,0.536,6,-6.227,1,0.0429,0.0951,0.0,0.114,0.377,75.998,4
371,0LLsvPLHxlUk1x8r77H2b6,Things Change,72,True,214731,0.758,0.613,9,-4.851,0,0.37,0.245,4.36e-05,0.111,0.491,145.756,5
372,44gRhRi2OhEf7moAUj6MD1,The Bigger Picture,81,True,252728,0.59,0.618,1,-5.756,1,0.334,0.0127,0.0,0.244,0.153,96.459,3
373,5TXQCMKN6TgemTL3c4wRTn,Sorrows,73,False,193702,0.633,0.793,5,-6.847,0,0.182,0.148,0.0,0.867,0.761,109.093,4
374,1zmv0tPVWdbCuvBw90MYwO,I'm Ready For You,71,True,174093,0.741,0.64,0,-6.452,0,0.405,0.228,8.55e-05,0.138,0.893,179.095,4
375,3jT2LKH0RSbQ8jIUNFzXm5,PTSD,80,True,232064,0.883,0.808,1,-3.158,0,0.183,0.0317,0.0,0.207,0.805,119.012,4
376,78QR3Wp35dqAhFEc2qAGjE,Drip Too Hard (Lil Baby & Gunna),82,True,145542,0.897,0.662,1,-6.903,0,0.292,0.0852,0.0,0.534,0.389,112.511,4
377,75ZvA4QfFiZvzhj2xkaWAh,I Fall Apart,82,True,223346,0.556,0.538,8,-5.408,0,0.0382,0.0689,0.0,0.196,0.291,143.95,4
378,53BHUFdQphHiZUUG3nx9zn,Bang!,77,False,170858,0.74,0.516,1,-6.233,0,0.0507,0.0183,0.0,0.0558,0.698,139.918,4
379,0Jlcvv8IykzHaSmj49uNW8,the 1,82,True,210251,0.777,0.357,0,-6.942,1,0.0522,0.757,7.28e-06,0.108,0.172,139.883,4
380,2h4cmbyb6S7e8igDZIITJU,3 Headed Goat (feat. Lil Baby & Polo G),77,True,169531,0.837,0.482,8,-8.608,0,0.365,0.268,0.0,0.0991,0.444,143.01,4
381,5wWAwzGp2OaaoIkwcz6wZs,Life's A Mess (feat. Halsey),82,True,202193,0.63,0.446,1,-8.9,1,0.0351,0.337,0.0,0.166,0.177,143.078,4
382,2T5NBwKRySiCR78vVk08vr,BLIND (feat. Young Thug),82,True,153466,0.709,0.679,11,-6.503,0,0.346,0.0115,0.0,0.0971,0.754,162.973,4
383,3WnTQDd9A3bpBfzCziElU9,Excitement,80,False,283270,0.474,0.681,4,-3.473,0,0.038,0.0263,4.27e-05,0.0972,0.0384,121.96,4
384,7Jd0VVrzeTTWipxSzJ81aC,Cover Me Up,77,False,292662,0.525,0.437,2,-8.285,1,0.0272,0.236,7.03e-06,0.121,0.195,127.994,3
385,3sKz6Sd72K0ofPWcJPPk6H,Said Sum,76,True,155168,0.929,0.667,8,-6.789,0,0.353,0.0185,0.0,0.1,0.274,126.998,4
386,7GX5flRQZVHRAGd6B4TmDO,XO Tour Llif3,83,True,182706,0.732,0.75,11,-6.366,0,0.231,0.00264,0.0,0.109,0.401,155.096,4
387,7Bar1kLTmsRmH6FCKKMEyU,Hit Different,81,True,202007,0.679,0.516,0,-6.371,0,0.0452,0.199,0.0,0.0965,0.716,120.074,4
388,7xQAfvXzm3AkraOtGPWIZg,Wow.,83,True,149546,0.829,0.539,11,-7.359,0,0.208,0.136,1.78e-06,0.103,0.388,99.96,4
389,5EzL7hGT9g2Tvqsy158Lu9,Pussy Talk,79,True,218332,0.943,0.641,1,-5.598,1,0.191,0.0016,0.0,0.211,0.242,99.099,4
390,5wujBwqG7INdStqGd4tRMX,Armed And Dangerous,81,True,169999,0.736,0.67,10,-6.702,1,0.311,0.186,0.0,0.114,0.845,130.032,4
391,1ENdcyhqdylaLsPVgB83qq,Rags2Riches (feat. ATR Son Son),81,True,167183,0.904,0.252,5,-17.54,0,0.11,0.294,0.0,0.104,0.227,117.994,4
392,6KfoDhO4XUWSbnyKjNp9c4,Maniac,84,False,185773,0.628,0.639,8,-5.46,1,0.0435,0.00162,0.0,0.354,0.493,108.045,4
393,3xo4Q43ei0ypZOvd2W1IqZ,Like You Do,56,False,240294,0.582,0.199,10,-10.045,1,0.0321,0.953,0.00852,0.135,0.0783,66.454,4
394,2iES5ck2jsznpywJWMMzWR,NITROUS,54,False,131718,0.827,0.549,0,-8.188,0,0.0343,0.556,0.689,0.124,0.381,127.992,4
395,1FQpGAJiQgVd65IIBYkRVP,Upgrade,54,False,89917,0.678,0.418,0,-11.393,0,0.0985,0.895,0.0313,0.137,0.587,159.867,4
396,6EPxapAlha7pEyn5kXgW3R,lonely,73,True,190142,0.455,0.728,6,-6.62,0,0.0749,0.015,4.74e-05,0.111,0.461,165.948,3
397,5dl8x4xLEzZC0f927WBTUG,High Hopes (feat. Omar Apollo),75,True,182400,0.719,0.369,1,-9.12,0,0.193,0.472,0.0572,0.102,0.364,150.076,4
398,6cbsrCcgGstNCgWFKnrQmc,Mr. Hollywood,54,False,202072,0.717,0.442,6,-8.045,1,0.0415,0.691,5.92e-05,0.0811,0.245,115.01,4
399,0QDBNUrc51sGxzmMTvH5kF,Normal People (feat. rei brown),53,False,166883,0.678,0.685,10,-9.439,1,0.0472,0.384,0.736,0.099,0.637,173.104,4
400,7b2elHA9vOwpckUKm8SMyR,777,54,False,181772,0.574,0.604,1,-9.933,0,0.0863,0.268,2.98e-06,0.139,0.181,179.636,4
401,7os53rdrgA0OU6xC5xJruX,concert for aliens,74,True,160222,0.507,0.951,11,-2.999,1,0.0586,0.00032,0.0,0.33,0.692,95.016,4
402,1eTdTVIxLlhHwwA50vEzZa,nothing inside (feat. iann dior),73,True,172234,0.561,0.81,8,-4.754,0,0.0461,0.00047,0.0,0.157,0.508,87.5,4
403,2iVsPIS2yjS4xhs5Rdy65O,jawbreaker,73,True,117579,0.707,0.576,2,-5.665,1,0.0364,0.000615,0.0,0.405,0.632,128.08,4
404,0RFgKcpWImLWmK9WSSHAiC,play this when i'm gone,73,True,202213,0.677,0.443,0,-9.375,1,0.027,0.514,0.0,0.107,0.629,137.089,4
405,34slXA5D75T5S0dwYYRd4J,Without You,75,False,224986,0.522,0.659,6,-6.016,1,0.0304,0.307,0.0,0.102,0.355,141.996,4
406,18CK4TdFJhPYQtUX2fq8D8,Reanimator (feat. Yves Tumor),51,False,183256,0.331,0.419,10,-9.351,0,0.0403,0.435,0.74,0.108,0.138,120.981,4
407,1SF8piqsZWn86DajVKih8F,Kacey Talk,77,True,151248,0.877,0.607,10,-7.818,0,0.15,0.535,0.0,0.138,0.773,127.055,4
408,4iHSE5R1U8jf84tRn52xRt,Prospect (ft. Lil Baby),74,True,226313,0.816,0.579,1,-6.097,1,0.0867,0.203,0.0,0.127,0.43,120.078,4
409,341lTIxmhybbQsgydwJiFx,Stuntin' On You (feat. DaBaby),80,True,141122,0.796,0.683,10,-5.165,0,0.277,0.0111,2.58e-06,0.126,0.737,173.852,3
410,3fqwjXwUGN6vbzIwvyFMhx,Tennessee Whiskey,79,False,293293,0.392,0.37,9,-10.888,1,0.0298,0.205,0.0096,0.0821,0.512,48.718,4
411,13VXVxePp4NUiXwtmQ0viz,Said Sum (feat. City Girls & DaBaby) - Remix,62,True,177704,0.913,0.625,10,-6.901,0,0.334,0.0168,0.0,0.125,0.298,126.915,4
412,78Vm1H6bT8WQyPNyx7HBhP,No Wind Resistance!,73,False,198923,0.692,0.494,1,-12.232,0,0.0581,0.234,0.00453,0.122,0.469,139.874,4
413,5kTn07V96U8LyoQgz6DZzX,When You Down (with Polo G feat. Lil Durk),76,True,193013,0.514,0.634,1,-6.514,1,0.383,0.235,0.0,0.13,0.308,76.181,4
414,7IECs9d4Rrlpa7tiHOCE1w,My Window (feat. Lil Wayne),77,True,192000,0.778,0.662,8,-6.081,0,0.308,0.187,0.0,0.116,0.571,149.935,4
415,3X7H1FAiWAW937WvsFeMhe,One Too Many,69,False,203893,0.697,0.535,4,-6.504,1,0.068,0.247,0.0,0.569,0.594,82.959,4
416,5kI4eCXXzyuIUXjQra0Cxi,betty,79,True,294521,0.593,0.377,0,-8.761,1,0.0253,0.6,0.0,0.0976,0.502,95.939,4
417,4S2uhQE8L9V6p7rj7SiauJ,Suicidal (Remix) [feat. Juice WRLD],81,True,225857,0.655,0.441,9,-5.245,0,0.0629,0.474,0.0,0.099,0.273,139.957,4
418,21CkzgKCBCq5V4XKjiGSIj,Stay High,80,True,168684,0.745,0.5,8,-6.184,1,0.135,0.439,0.0,0.0943,0.433,76.968,4
419,0fCwrjKfWxF3xQhZrYUw4T,Blood On My Jeans,80,True,154767,0.868,0.55,6,-6.417,1,0.226,0.183,0.0,0.109,0.464,117.943,4
420,7AQim7LbvFVZJE3O8TYgf2,Fuck Love (feat. Trippie Redd),83,True,146520,0.797,0.533,0,-9.74,0,0.0412,0.0172,0.000152,0.103,0.329,131.036,4
421,7eBqSVxrzQZtK2mmgRG6lC,Murder On My Mind,81,True,268434,0.759,0.73,0,-7.985,0,0.0516,0.145,3.06e-06,0.11,0.74,115.007,4
422,3DA4SE262k6rdEtlHteNyq,Die From A Broken Heart,75,False,188320,0.596,0.522,9,-6.633,1,0.0358,0.373,0.0,0.291,0.443,76.042,4
423,6gdLyYNuhWBzqwlOFSsXC7,Better Together,77,False,219573,0.552,0.225,0,-11.501,1,0.0477,0.827,0.0,0.111,0.67,138.002,4
424,5VlTQnZO89Ioku8ssdbqJk,Dead Man Walking,74,True,247079,0.505,0.267,9,-13.763,0,0.05,0.279,0.0,0.096,0.439,143.929,4
425,6uFn47ACjqYkc0jADwEdj1,Pop Out (feat. Lil Tjay),82,True,166560,0.772,0.639,1,-7.119,1,0.467,0.15,0.0,0.0698,0.261,168.112,4
426,57Oi4yqY27uJzCyqFWIP5q,3 Musketeers,80,True,166857,0.91,0.617,0,-10.234,1,0.0847,0.258,0.0,0.122,0.572,104.972,4
427,56uXDJRCuoS7abX3SkzHKQ,Myron,80,True,224954,0.771,0.654,8,-6.976,0,0.298,0.055,0.0,0.214,0.573,155.047,4
428,3HWzoMvoF3TQfYg4UPszDq,Truth Hurts,79,True,173325,0.715,0.624,4,-3.046,0,0.114,0.11,0.0,0.123,0.412,158.087,4
429,41LhQUkElADQ5YUbpYv2D0,"...And To Those I Love, Thanks For Sticking Around",82,True,168489,0.792,0.512,2,-6.875,1,0.0408,0.13,8.82e-05,0.14,0.11,113.978,4
430,5ry2OE6R2zPQFDO85XkgRb,Money In The Grave (Drake ft. Rick Ross),82,True,205426,0.831,0.502,10,-4.045,0,0.046,0.101,0.0,0.122,0.101,100.541,4
431,02iYJG3KLBJODa5JkQ4O6y,hooligan,72,True,156774,0.77,0.636,10,-7.636,0,0.0901,0.198,2.92e-06,0.115,0.414,93.032,3
432,6gi6y1xwmVszDWkUqab1qw,OUT WEST (feat. Young Thug),84,True,157712,0.802,0.591,8,-4.895,1,0.225,0.0104,0.0,0.196,0.309,139.864,4
433,5FmvaZGd6fulojSToozLRD,"One Beer (HARDY feat. Lauren Alaina, Devin Dawson)",76,False,173173,0.516,0.745,2,-8.352,1,0.0774,0.563,0.0,0.275,0.825,186.004,3
434,2WxUIiq06XXPYWl9YcRJnD,Our Time,67,True,98413,0.895,0.439,5,-12.142,0,0.319,0.199,0.0,0.0683,0.633,109.988,4
435,7C1trmcQQ5n5RNy4l6ziCv,Some Say - Felix Jaehn Remix,84,False,186878,0.682,0.7,6,-5.591,1,0.0397,0.406,0.0,0.174,0.637,120.03,4
436,5id3Rqn7SPj1LX4FfY4nGz,Together,81,False,205207,0.521,0.877,7,-5.444,1,0.0683,0.0132,0.0806,0.0929,0.199,180.007,4
437,3eGmv9sxK60p8XIBLhBtC0,Everybody Rise,69,False,190322,0.702,0.676,0,-6.679,1,0.0526,0.0335,0.0,0.102,0.65,103.057,4
438,7qF4tAE0PF6XJFEor6jQni,Look into My Eyes,40,False,154653,0.789,0.545,6,-7.14,1,0.0538,0.122,4.62e-05,0.123,0.433,116.0,4
439,5zpGxLGLxQvgQzO8jYTzAU,Live In Life,52,False,216447,0.695,0.691,5,-4.73,0,0.0351,0.147,2.21e-06,0.152,0.563,104.015,4
440,2zoNNEAyPK2OGDfajardlY,Rushing Back,72,False,231663,0.574,0.612,0,-4.741,1,0.0781,0.357,0.0,0.158,0.368,136.046,3
441,6Sqwv10jkcvjIZBxFtp78l,"Ain't It Different (feat. AJ Tracey, Stormzy & ONEFOUR)",66,True,274285,0.783,0.588,4,-6.487,0,0.238,0.00909,9.49e-06,0.109,0.499,77.032,4
442,0GiwV6v3AgJfdu59tj719Y,Pump It Up,76,False,150635,0.899,0.894,1,-7.255,1,0.222,0.203,9.95e-05,0.0606,0.654,129.045,4
443,1EuI95kVxZYLbENy8d6AOI,I'm Good?,67,False,160186,0.901,0.761,4,-5.986,0,0.0704,0.311,0.0,0.065,0.96,119.984,4
444,2iUXsYOEPhVqEBwsqP70rE,Youngblood,82,False,203417,0.596,0.854,7,-5.114,0,0.463,0.0169,0.0,0.124,0.152,120.274,4
445,2grAr8pWMuLWn8ZYEE9wDV,Never Seen the Rain,66,False,200755,0.485,0.461,9,-5.646,1,0.0444,0.44,0.0,0.232,0.324,87.009,4
446,5WmPL0RQxooB4si6PuSkUi,Love Songs,66,False,195495,0.721,0.79,4,-4.407,1,0.041,0.0691,0.0,0.215,0.788,105.023,4
447,7gOdmNazfs5qdtsgWOB1Z4,Energy,69,False,208550,0.703,0.822,5,-5.142,0,0.0366,0.000327,0.682,0.278,0.443,125.004,4
448,3NagMImAXyeYaMsXs2bjqt,Standing With You,67,False,232049,0.476,0.652,0,-4.748,1,0.0353,0.159,0.0,0.0967,0.115,111.917,4
449,4CqKbuC72OFjsNKDWQwgMc,Stand For,60,True,252206,0.816,0.75,1,-3.912,1,0.333,0.117,0.0,0.331,0.735,140.132,4
450,4wNIkl5XGiAACjFBlDWuSd,What A Man Gotta Do,82,False,180644,0.852,0.698,9,-7.206,1,0.0629,0.00839,1.03e-06,0.0773,0.324,113.039,4
451,0frIZMaQwtdV4Ee8nhB1te,Khe Sanh - 2011 Remastered,64,False,254045,0.474,0.918,7,-4.21,1,0.177,0.129,0.0,0.238,0.655,164.049,4
452,4HlFJV71xXKIGcU3kRyttv,"Hey, Soul Sister",83,False,216773,0.673,0.886,1,-4.44,0,0.0431,0.185,0.0,0.0826,0.795,97.012,4
453,2BOqDYLOJBiMOXShCV1neZ,Dancing On My Own,82,False,260285,0.682,0.173,1,-8.749,1,0.0314,0.839,3.26e-05,0.0983,0.236,112.663,4
454,7FGq80cy8juXBCD2nrqdWU,Eastside (with Halsey & Khalid),74,False,170769,0.632,0.686,6,-7.665,0,0.243,0.549,0.0,0.2,0.329,89.949,4
455,7lidXGPXPYLNThITAOTlkK,You should be sad,81,True,205473,0.591,0.585,2,-6.35,1,0.0277,0.143,0.0,0.109,0.324,110.94,4
456,2BgEsaKNfHUdlh97KmvFyo,2002,82,False,186986,0.697,0.683,1,-2.881,0,0.117,0.0372,0.0,0.137,0.603,96.133,4
457,6Amt2E3nanH9lhZnas9oOs,Run to Paradise,63,False,251586,0.698,0.71,9,-8.569,1,0.0452,0.161,0.0828,0.0489,0.691,138.797,4
458,5z6a02FGoVsXTrJ4GiVNxE,The Horses,63,False,256106,0.707,0.275,4,-14.816,1,0.0328,0.13,0.0,0.066,0.195,93.99,4
459,7to68V64Cu6zk0UDo5tyw3,Confidence,67,False,253076,0.59,0.562,11,-9.607,0,0.0505,0.0637,0.0,0.105,0.561,140.835,4
460,2SiXAy7TuUkycRVbbWDEpo,You Shook Me All Night Long,80,False,210173,0.532,0.767,7,-5.509,1,0.0574,0.00287,0.000513,0.39,0.755,127.361,4
461,2pxxVkNhrRST8fpgA12ru8,My Happiness,64,False,276626,0.445,0.823,0,-5.415,1,0.0302,0.00163,0.0,0.43,0.487,85.935,4
462,59zWQR2wQnSlkG4xTTwY9d,Choir,64,False,171437,0.653,0.709,5,-3.19,1,0.0656,0.0707,0.0,0.0878,0.671,87.01,4
463,3B0irDyS69y5eAz15xV2Ee,Wake Me Up,56,False,247426,0.532,0.783,2,-5.697,1,0.0523,0.00375,0.00123,0.161,0.643,124.084,4
464,02MWAaffLxlfxAUY7c5dvx,Heat Waves,68,False,238805,0.761,0.525,11,-6.9,1,0.0944,0.44,6.7e-06,0.0921,0.531,80.87,4
465,3yrSvpt2l1xhsV9Em88Pul,Brown Eyed Girl,79,False,183306,0.491,0.583,7,-10.964,1,0.0376,0.182,0.0,0.407,0.907,150.572,4
466,4kbj5MwxO1bq9wjT5g9HaA,Shut Up and Dance,80,False,199080,0.578,0.866,1,-3.804,1,0.0619,0.00701,0.0,0.257,0.619,128.038,4
467,2P91MQbaiQOfbiz9VqhqKQ,I Like Me Better,84,False,197436,0.752,0.505,9,-7.621,1,0.253,0.535,2.55e-06,0.104,0.419,91.97,4
468,4e4fqjx0Izh4svvTef1z7e,Meant to Be (feat. Florida Georgia Line),71,False,164205,0.642,0.772,10,-6.61,1,0.0848,0.0476,0.0,0.0646,0.589,153.995,4
469,3S0OXQeoh0w6AY8WQVckRW,I'm Yours,72,False,242186,0.686,0.457,11,-8.322,1,0.0468,0.595,0.0,0.105,0.718,150.953,4
470,0TrPqhAMoaKUFLR7iYDokf,Know Your Worth,82,False,181436,0.79,0.694,9,-7.726,0,0.0708,0.145,0.00252,0.281,0.508,103.007,4
471,052Yyc2Jglj64e5CMbqdF4,"Rover (Remix) [feat. Hooligan Hefs, Youngn Lipz and Hooks]",66,True,216944,0.599,0.641,11,-6.465,0,0.269,0.346,0.0,0.292,0.731,144.117,5
472,78qd8dvwea0Gosb6Fe6j3k,Boss Bitch,84,False,134239,0.707,0.955,10,-4.593,0,0.222,0.127,0.0,0.202,0.575,125.989,4
473,1EWkw4Fa6IlnsAihLUlFFM,WRONG (feat. Lil Mosey),80,True,183567,0.389,0.768,1,-4.765,1,0.256,0.038,0.0,0.119,0.334,90.146,4
474,7xVgtzZyidBegrjf6npTjW,"Bando Diaries (Remix) [feat. ONEFOUR, Kekra, Noizy & DIVINE]",67,True,290571,0.903,0.578,8,-7.825,0,0.359,0.0523,0.0,0.0706,0.672,140.015,4
475,47BBI51FKFwOMlIiX6m8ya,I Want It That Way,79,False,213306,0.689,0.694,6,-5.83,0,0.027,0.257,0.0,0.148,0.482,99.039,4
476,5iAxcPoyxt0HWU5sZToqe5,Robbery,63,False,223233,0.685,0.748,3,-7.558,0,0.0959,0.306,0.105,0.183,0.879,152.949,4
477,4hPpVbbakQNv8YTHYaOJP4,One Thing Right,78,False,181823,0.659,0.623,4,-2.253,1,0.0451,0.0667,0.0,0.582,0.439,88.042,4
478,7lr5eJcQGhKeqdItRcHfiN,Party Szn,62,True,116464,0.847,0.877,9,-6.575,0,0.0916,0.459,0.0,0.154,0.895,140.012,4
479,52okn5MNA47tk87PeZJLEL,Let You Down,82,False,212120,0.662,0.714,5,-5.68,0,0.121,0.312,0.0,0.179,0.464,147.997,4
480,22vgEDb5hykfaTwLuskFGD,Sucker,83,False,181026,0.842,0.734,1,-5.065,0,0.0588,0.0427,0.0,0.106,0.952,137.958,4
481,3bidbhpOYeV4knp8AIu8Xn,Can't Hold Us - feat. Ray Dalton,82,False,258342,0.641,0.922,2,-4.457,1,0.0786,0.0291,0.0,0.0862,0.847,146.078,4
482,23TPP1eeElFfvYVznskwCY,Glitter,75,False,180146,0.801,0.589,7,-5.157,1,0.0485,0.0863,0.0,0.162,0.58,116.934,4
483,7BKLCZ1jbUBVqRi2FVlTVw,Closer,84,False,244960,0.748,0.524,8,-5.599,1,0.0338,0.414,0.0,0.111,0.661,95.01,4
484,6iWEhoALoBFnQMNVhYY0Sc,You're Somebody Else,72,False,219013,0.706,0.46,1,-9.061,1,0.0296,0.847,0.00796,0.106,0.23,102.984,4
